id	first_name	last_name	email	gender	ip_address
1	Gloriana	Tesseyman	gtesseyman0@github.io	Female	248.10.44.208
2	Mannie	Stickney	mstickney1@example.com	Male	219.234.53.36
3	Monty	McCarthy	mmccarthy2@scientificamerican.com	Male	157.177.244.239
4	Wainwright	Scading	wscading3@cmu.edu	Male	220.109.160.195
5	Gilli	Gimert	ggimert4@behance.net	Female	25.195.4.228
6	Valentina	Brann	vbrann5@java.com	Female	15.10.186.212
7	Josias	Brickham	jbrickham6@nih.gov	Male	162.114.67.132
8	Celisse	Ducker	cducker7@privacy.gov.au	Female	195.150.65.167
9	Maxwell	Rowen	mrowen8@github.io	Male	129.199.19.188
10	Gustavo	Verma	gverma9@timesonline.co.uk	Male	144.237.131.156
11	Otha	Sabbin	osabbina@furl.net	Agender	34.110.226.186
12	Harman	Stuke	hstukeb@usda.gov	Male	228.80.156.72
13	Phyllida	Dilston	pdilstonc@xing.com	Female	48.231.233.134
14	Sissy	Dollard	sdollardd@biblegateway.com	Genderfluid	140.24.50.129
15	Janetta	Peters	jpeterse@skyrock.com	Non-binary	185.58.35.17
16	Lita	Beisley	lbeisleyf@blog.com	Female	205.137.17.68
17	Weston	Biddle	wbiddleg@pinterest.com	Male	177.110.250.151
18	Vivi	Aldiss	valdissh@mysql.com	Female	212.180.165.244
19	Bronnie	Gisburne	bgisburnei@msn.com	Male	32.10.218.161
20	Ruttger	Defrain	rdefrainj@tumblr.com	Male	182.147.225.40
21	Roderick	Been	rbeenk@sciencedirect.com	Male	163.197.81.112
22	Chicky	Howsley	chowsleyl@bloglines.com	Female	48.141.15.220
23	Valaria	Asee	vaseem@opensource.org	Female	187.133.74.119
24	Cordelie	Eggins	cegginsn@furl.net	Female	243.121.175.166
25	Adara	Barajas	abarajaso@alibaba.com	Female	243.51.27.97
26	Valentin	Fidgin	vfidginp@github.io	Male	209.67.228.116
27	Bobbe	Danilchik	bdanilchikq@bravesites.com	Female	87.218.7.49
28	Basile	Fraschetti	bfraschettir@mayoclinic.com	Male	18.187.128.136
29	Renie	Skitch	rskitchs@smh.com.au	Female	81.217.37.76
30	Abbi	Dibb	adibbt@privacy.gov.au	Female	202.135.184.7
31	Hestia	Tetley	htetleyu@xing.com	Female	93.208.239.147
32	Milty	Marklew	mmarklewv@networksolutions.com	Male	34.77.135.51
33	Caryl	MacRanald	cmacranaldw@imdb.com	Male	93.230.175.236
34	Rickey	McArd	rmcardx@prweb.com	Male	110.136.64.230
35	Illa	Paylie	ipayliey@oracle.com	Female	41.242.143.203
36	Ambrosi	Dozdill	adozdillz@foxnews.com	Male	20.175.36.71
37	Aldus	Smeaton	asmeaton10@vimeo.com	Male	26.234.130.85
38	Dare	Signorelli	dsignorelli11@nyu.edu	Male	120.18.166.157
39	Cross	Streat	cstreat12@webnode.com	Male	231.36.23.31
40	Sukey	Naughton	snaughton13@businesswire.com	Female	82.111.109.194
41	Sinclair	Poff	spoff14@apple.com	Male	47.42.93.93
42	Gaylord	Sullens	gsullens15@tiny.cc	Polygender	221.22.126.18
43	Derron	Womersley	dwomersley16@forbes.com	Male	160.58.86.137
44	Briant	Grzelczak	bgrzelczak17@zimbio.com	Male	117.11.185.215
45	Fee	Dominelli	fdominelli18@vistaprint.com	Male	146.41.173.239
46	Wynn	Warwicker	wwarwicker19@sourceforge.net	Genderfluid	15.248.252.251
47	Dinah	Codeman	dcodeman1a@clickbank.net	Female	96.200.61.172
48	Deeyn	Nutton	dnutton1b@squarespace.com	Female	162.212.52.216
49	Felicdad	Gallop	fgallop1c@cbc.ca	Female	116.132.142.52
50	Bradney	Harken	bharken1d@omniture.com	Male	83.223.28.217
51	Colver	Powling	cpowling1e@cornell.edu	Male	42.234.233.17
52	Betti	Brickham	bbrickham1f@e-recht24.de	Female	106.22.122.215
53	Kellen	Coppens	kcoppens1g@youtu.be	Female	33.128.127.100
54	Alyosha	Stallworthy	astallworthy1h@weebly.com	Male	122.243.213.251
55	Frankie	Ovill	fovill1i@mashable.com	Male	253.155.155.213
56	Randell	Arnaudot	rarnaudot1j@csmonitor.com	Male	159.239.58.140
57	Kain	Malkie	kmalkie1k@china.com.cn	Male	231.167.244.88
58	Tiffy	Edger	tedger1l@princeton.edu	Female	24.200.173.37
59	Lars	Oulner	loulner1m@liveinternet.ru	Male	120.65.241.130
60	Norine	Lamba	nlamba1n@eepurl.com	Agender	95.98.222.179
61	Arturo	Moorton	amoorton1o@who.int	Male	171.123.237.178
62	Sena	Duckett	sduckett1p@goodreads.com	Female	227.53.194.158
63	Morten	Choke	mchoke1q@1und1.de	Male	148.35.233.245
64	Morgan	Knowling	mknowling1r@house.gov	Female	115.250.214.158
65	Ted	Hafford	thafford1s@themeforest.net	Male	70.232.117.75
66	Linell	Jaulmes	ljaulmes1t@1und1.de	Female	240.160.208.84
67	Wilbur	Luisetti	wluisetti1u@elegantthemes.com	Male	139.167.50.16
68	Ryan	Burdass	rburdass1v@adobe.com	Non-binary	217.149.69.165
69	Maynard	Neve	mneve1w@hubpages.com	Male	195.67.56.232
70	Andrus	Lucchi	alucchi1x@sina.com.cn	Male	43.77.64.144
71	Leah	Sketcher	lsketcher1y@ucsd.edu	Female	187.20.249.181
72	Jinny	Trehearne	jtrehearne1z@comcast.net	Female	6.114.147.177
73	Jeremiah	Matchett	jmatchett20@businessweek.com	Male	32.101.26.153
74	Irita	Semens	isemens21@answers.com	Female	251.179.247.64
75	Anestassia	Calveley	acalveley22@g.co	Female	89.72.91.47
76	Odele	Cockcroft	ocockcroft23@mozilla.com	Female	253.157.201.43
77	Alix	Seabridge	aseabridge24@odnoklassniki.ru	Female	90.197.118.51
78	Gerick	Prantoni	gprantoni25@omniture.com	Male	251.201.225.116
79	Skye	Giacobini	sgiacobini26@tripod.com	Male	40.7.212.7
80	Rowan	Hancorn	rhancorn27@github.io	Male	194.120.174.7
81	Anastassia	Blything	ablything28@gizmodo.com	Female	188.188.252.9
82	Harli	Free	hfree29@vinaora.com	Female	228.180.142.237
83	Davis	Calderon	dcalderon2a@bizjournals.com	Male	220.132.115.37
84	Lodovico	Greenroad	lgreenroad2b@nps.gov	Agender	73.128.192.182
85	Bessie	Innerstone	binnerstone2c@un.org	Female	123.48.206.9
86	Yance	Saladine	ysaladine2d@umich.edu	Male	207.95.231.160
87	Ingelbert	Fennelly	ifennelly2e@mediafire.com	Male	24.145.206.112
88	Tamarra	Murrill	tmurrill2f@usgs.gov	Female	51.68.229.123
89	Maude	Steinor	msteinor2g@godaddy.com	Female	60.235.151.240
90	Skippie	Daws	sdaws2h@opensource.org	Male	154.62.203.6
91	Homere	Paulusch	hpaulusch2i@forbes.com	Male	234.30.139.226
92	Nixie	Freathy	nfreathy2j@hatena.ne.jp	Female	187.69.22.239
93	Leighton	Doog	ldoog2k@miibeian.gov.cn	Male	139.78.1.57
94	Mirabel	Toyne	mtoyne2l@163.com	Female	40.0.184.25
95	Janaye	Di Lucia	jdilucia2m@ebay.com	Female	111.153.145.52
96	Jerry	Stoodley	jstoodley2n@hexun.com	Male	126.71.58.44
97	Venita	Rubbens	vrubbens2o@hubpages.com	Female	86.6.20.46
98	Kim	Mortimer	kmortimer2p@stumbleupon.com	Male	246.196.31.131
99	Land	Leuren	lleuren2q@nps.gov	Male	32.155.230.127
100	Charmion	Farrar	cfarrar2r@artisteer.com	Female	177.255.142.247
101	Selina	Tembey	stembey2s@bigcartel.com	Female	219.51.7.142
102	Florentia	Ryley	fryley2t@liveinternet.ru	Female	68.121.163.62
103	Katheryn	Baum	kbaum2u@addtoany.com	Female	8.202.157.92
104	Georgie	Larmor	glarmor2v@omniture.com	Female	182.247.211.46
105	Gregoor	Tidmas	gtidmas2w@posterous.com	Male	51.202.82.123
106	Belia	Koche	bkoche2x@google.com.au	Non-binary	211.31.66.218
107	Natale	Ringham	nringham2y@sohu.com	Male	1.149.110.225
108	Evey	MacEllen	emacellen2z@arstechnica.com	Female	197.204.239.88
109	Samson	Chilver	schilver30@china.com.cn	Male	154.45.230.125
110	Terra	Mountcastle	tmountcastle31@telegraph.co.uk	Female	196.88.101.181
111	Kennett	Romand	kromand32@guardian.co.uk	Male	189.77.198.94
112	Muire	Heape	mheape33@goodreads.com	Genderqueer	153.214.150.235
113	Josy	Rawling	jrawling34@seesaa.net	Female	30.201.87.16
114	Ora	Camacho	ocamacho35@yale.edu	Bigender	220.77.72.131
115	Loraine	Santen	lsanten36@nymag.com	Female	94.110.200.56
116	Candra	Hof	chof37@seattletimes.com	Female	77.162.121.234
117	Jehu	Thickpenny	jthickpenny38@jiathis.com	Bigender	158.101.159.154
118	Rodger	Benardet	rbenardet39@hao123.com	Male	203.79.37.142
119	Nicholle	Gyppes	ngyppes3a@gov.uk	Female	149.37.7.172
120	Gail	Janway	gjanway3b@wikimedia.org	Male	17.166.182.151
121	Geralda	O'Corhane	gocorhane3c@1und1.de	Female	133.36.159.215
122	Virgie	Thurstan	vthurstan3d@hud.gov	Male	192.73.219.239
123	Tadio	Wyrall	twyrall3e@so-net.ne.jp	Male	44.103.86.57
124	Emalee	Dowse	edowse3f@techcrunch.com	Female	129.12.93.90
125	Mord	Iacofo	miacofo3g@slate.com	Bigender	202.137.146.109
126	Rozella	Blunderfield	rblunderfield3h@phpbb.com	Female	120.212.45.34
127	Holden	Bezzant	hbezzant3i@geocities.jp	Bigender	217.137.4.90
128	Ozzie	Stonhard	ostonhard3j@fema.gov	Genderfluid	163.157.69.32
129	Jethro	Bartrum	jbartrum3k@free.fr	Male	59.155.160.230
130	Delphinia	Danilenko	ddanilenko3l@miitbeian.gov.cn	Female	85.159.143.129
131	Jobie	Bilbie	jbilbie3m@bravesites.com	Female	73.118.15.163
132	Talbot	Cobby	tcobby3n@usa.gov	Male	191.24.83.234
133	Shirlene	Giacobo	sgiacobo3o@4shared.com	Female	91.201.7.113
134	Mohammed	Dilston	mdilston3p@adobe.com	Male	124.50.146.95
135	Lebbie	Drinkel	ldrinkel3q@microsoft.com	Genderfluid	36.153.100.243
136	Jacky	Foxworthy	jfoxworthy3r@addthis.com	Male	253.69.175.141
137	Alva	Layton	alayton3s@etsy.com	Male	136.225.144.156
138	Cathi	Tolomei	ctolomei3t@newyorker.com	Female	203.32.174.28
139	Winny	Josephi	wjosephi3u@webeden.co.uk	Non-binary	114.210.238.210
140	Sara-ann	McKinlay	smckinlay3v@squarespace.com	Female	19.239.70.138
141	Sherline	Mabson	smabson3w@latimes.com	Female	70.207.235.10
142	Ted	Braine	tbraine3x@dmoz.org	Male	113.105.108.152
143	Wanda	Hazard	whazard3y@seesaa.net	Female	244.251.13.112
144	Thatcher	Fraanchyonok	tfraanchyonok3z@moonfruit.com	Male	54.181.105.1
145	Zeke	McInnery	zmcinnery40@xinhuanet.com	Male	10.203.150.89
146	Christan	Tison	ctison41@stumbleupon.com	Female	171.115.234.3
147	Chiquia	Dallon	cdallon42@com.com	Agender	92.85.221.123
148	Jewel	Scandwright	jscandwright43@jugem.jp	Female	107.60.99.150
149	Andrey	Lailey	alailey44@webs.com	Male	201.110.164.238
150	Raphaela	Sherrin	rsherrin45@posterous.com	Female	186.92.251.154
151	Billye	Nairn	bnairn46@wufoo.com	Female	141.3.42.153
152	Ibby	Blacklidge	iblacklidge47@wp.com	Non-binary	208.186.239.34
153	Kelwin	Caro	kcaro48@vinaora.com	Male	153.55.105.165
154	Madelon	Halhead	mhalhead49@wix.com	Female	113.184.201.99
155	Judy	Dober	jdober4a@trellian.com	Female	233.44.79.147
156	Raychel	Blue	rblue4b@tmall.com	Female	205.54.129.244
157	Amandi	Ritelli	aritelli4c@canalblog.com	Female	204.138.157.146
158	Eartha	Toffoletto	etoffoletto4d@baidu.com	Female	176.126.139.188
159	Bree	Gilcriest	bgilcriest4e@live.com	Female	64.48.248.239
160	Shanta	Northridge	snorthridge4f@ow.ly	Female	14.74.148.230
161	Leonard	Daveley	ldaveley4g@domainmarket.com	Male	65.178.100.63
162	Rozella	Knolles-Green	rknollesgreen4h@jiathis.com	Female	15.251.225.207
163	Noellyn	Roches	nroches4i@uiuc.edu	Female	237.166.52.205
164	Gardiner	Confort	gconfort4j@twitter.com	Male	92.245.223.71
165	Brigid	Andrick	bandrick4k@ihg.com	Female	142.88.164.184
166	Julius	Gilvary	jgilvary4l@paypal.com	Male	253.191.178.175
167	Christin	Giacovazzo	cgiacovazzo4m@reddit.com	Female	210.146.26.104
168	Georas	Overall	goverall4n@vistaprint.com	Male	219.94.24.205
169	Darrell	Kernar	dkernar4o@sina.com.cn	Agender	0.78.217.15
170	Denna	Dewsnap	ddewsnap4p@1688.com	Female	17.37.177.70
171	Currie	Konmann	ckonmann4q@issuu.com	Male	150.49.22.246
172	Roderick	Verdun	rverdun4r@foxnews.com	Male	188.99.36.119
173	Athena	Ricardou	aricardou4s@aol.com	Female	251.97.19.108
174	Fidole	McLaine	fmclaine4t@goo.ne.jp	Male	85.216.115.218
175	Ashil	Punton	apunton4u@parallels.com	Female	150.189.138.240
176	Kristina	Lunbech	klunbech4v@cdc.gov	Non-binary	127.93.226.83
177	Brit	Tamburo	btamburo4w@forbes.com	Female	156.175.248.122
178	Gui	Martine	gmartine4x@issuu.com	Female	89.99.60.247
179	Gladys	Klebes	gklebes4y@walmart.com	Female	167.188.48.243
180	Leanna	Woollends	lwoollends4z@ibm.com	Female	78.245.79.62
181	Rene	Tunuy	rtunuy50@businessweek.com	Male	25.92.39.69
182	Wylie	Liverock	wliverock51@reference.com	Male	72.207.99.227
183	Leila	Worton	lworton52@phpbb.com	Female	109.214.53.27
184	Alexia	Harse	aharse53@over-blog.com	Female	205.53.10.118
185	Evelyn	Koba	ekoba54@goo.gl	Female	129.55.12.54
186	Adriaens	De Simoni	adesimoni55@istockphoto.com	Polygender	138.63.172.182
187	Cleavland	Lawland	clawland56@blogs.com	Male	165.83.235.19
188	Zeke	Wodham	zwodham57@people.com.cn	Agender	142.153.134.117
189	Alphonse	Steutly	asteutly58@storify.com	Male	183.61.252.10
190	Sayres	Sertin	ssertin59@google.ca	Male	117.169.69.51
191	Esmaria	Orleton	eorleton5a@yahoo.com	Female	140.64.1.141
192	Peyton	Gribbon	pgribbon5b@is.gd	Male	190.173.157.62
193	Edita	Nestor	enestor5c@scientificamerican.com	Female	168.245.109.69
194	Willey	Sadat	wsadat5d@twitpic.com	Male	142.155.238.73
195	Sumner	Tudgay	studgay5e@nydailynews.com	Male	86.199.18.185
196	Konrad	Chateau	kchateau5f@tumblr.com	Male	103.192.79.221
197	Danyette	Feragh	dferagh5g@tmall.com	Female	254.244.137.42
198	Prent	Geane	pgeane5h@moonfruit.com	Male	148.164.3.255
199	Lynsey	Chantler	lchantler5i@house.gov	Female	10.123.75.143
200	Garreth	Mollon	gmollon5j@pcworld.com	Male	247.69.82.60
201	Damon	Armer	darmer5k@kickstarter.com	Male	212.238.235.189
202	Jandy	Twigger	jtwigger5l@eepurl.com	Female	118.120.171.236
203	Victor	Twitchings	vtwitchings5m@is.gd	Male	242.187.139.86
204	Fabian	Mingauld	fmingauld5n@miitbeian.gov.cn	Male	97.6.12.230
205	Chad	Bedding	cbedding5o@ucoz.com	Female	34.41.21.18
206	Sim	Lambart	slambart5p@seesaa.net	Male	128.125.13.28
207	Tully	Jakov	tjakov5q@friendfeed.com	Male	73.244.9.105
208	Fred	Swainger	fswainger5r@mashable.com	Female	206.116.199.172
209	Norry	McFater	nmcfater5s@ucla.edu	Female	123.6.5.64
210	Brew	Sitch	bsitch5t@networkadvertising.org	Agender	137.180.96.90
211	Eloisa	Wanden	ewanden5u@weibo.com	Agender	122.10.1.192
212	Gail	Ship	gship5v@ucsd.edu	Female	135.80.227.100
213	Joell	Treppas	jtreppas5w@shareasale.com	Female	136.118.127.59
214	Cheryl	Vondrys	cvondrys5x@de.vu	Female	46.16.122.89
215	Olivier	Darco	odarco5y@reference.com	Genderqueer	85.116.33.50
216	Stesha	Soper	ssoper5z@alexa.com	Female	33.248.78.11
217	Armand	Berecloth	aberecloth60@jiathis.com	Male	204.78.217.153
218	Eldin	Connors	econnors61@dagondesign.com	Male	189.162.68.3
219	Pippa	Sinclair	psinclair62@nyu.edu	Female	152.176.68.217
220	Torrey	Bamsey	tbamsey63@stumbleupon.com	Male	93.239.90.74
221	Lyman	Hathorn	lhathorn64@si.edu	Male	13.34.19.98
222	Timofei	Grocutt	tgrocutt65@mozilla.com	Male	118.21.114.28
223	Gert	Bogges	gbogges66@printfriendly.com	Female	97.48.235.59
224	Nada	McPeake	nmcpeake67@creativecommons.org	Genderfluid	15.94.222.204
225	Golda	Bain	gbain68@bizjournals.com	Female	139.240.112.230
226	Emmaline	Kernock	ekernock69@naver.com	Female	171.235.173.68
227	Abelard	Perel	aperel6a@omniture.com	Male	118.72.233.245
228	Clevie	Stocken	cstocken6b@taobao.com	Male	181.237.114.220
229	Doll	Ceccoli	dceccoli6c@unicef.org	Female	213.29.110.48
230	Hugh	Measom	hmeasom6d@printfriendly.com	Male	199.64.225.3
231	Christian	Natwick	cnatwick6e@joomla.org	Male	189.171.185.216
232	Danielle	Plowell	dplowell6f@moonfruit.com	Female	255.152.178.75
233	Orin	De Meyer	odemeyer6g@shutterfly.com	Male	19.177.6.81
234	Shanta	Swyre	sswyre6h@list-manage.com	Female	182.201.57.152
235	Paulo	Burgh	pburgh6i@accuweather.com	Polygender	77.24.67.49
236	Patrizia	Woodroff	pwoodroff6j@dion.ne.jp	Female	182.119.95.118
237	Hillary	Rickword	hrickword6k@istockphoto.com	Polygender	33.137.108.136
238	Marty	De Giovanni	mdegiovanni6l@un.org	Female	203.17.26.192
239	Collin	Oxenden	coxenden6m@washingtonpost.com	Male	155.184.90.70
240	Sidoney	Mawd	smawd6n@tumblr.com	Female	45.194.187.182
241	Iolande	Parade	iparade6o@sfgate.com	Female	68.168.243.15
242	Eilis	Putnam	eputnam6p@yale.edu	Female	190.51.236.221
243	Felita	Clouston	fclouston6q@seattletimes.com	Female	166.37.89.3
244	Davita	Spadeck	dspadeck6r@deliciousdays.com	Female	39.199.33.51
245	Stacy	Quinnelly	squinnelly6s@admin.ch	Female	140.45.0.50
246	Rickard	Petroff	rpetroff6t@jiathis.com	Male	206.26.167.170
247	Lois	Heistermann	lheistermann6u@clickbank.net	Female	177.95.234.221
248	Nil	Harmer	nharmer6v@google.co.jp	Male	215.58.3.196
249	Ilene	Hall	ihall6w@diigo.com	Female	31.181.60.30
250	Lauralee	Mylchreest	lmylchreest6x@dion.ne.jp	Female	78.168.56.129
251	Lanny	Blum	lblum6y@chicagotribune.com	Genderqueer	124.207.129.95
252	Rhodia	Steenson	rsteenson6z@bloglovin.com	Female	10.234.223.154
253	Ewen	Yarr	eyarr70@bbc.co.uk	Male	104.132.180.118
254	Berny	Kemmet	bkemmet71@comcast.net	Female	226.16.89.169
255	Karlan	Franceschino	kfranceschino72@freewebs.com	Male	21.116.94.253
256	Harris	Heynel	hheynel73@patch.com	Polygender	160.49.69.95
257	Sterling	Chazerand	schazerand74@china.com.cn	Male	107.164.47.225
258	Emerson	Avrahamian	eavrahamian75@naver.com	Male	218.203.163.71
259	Danny	Hinzer	dhinzer76@lulu.com	Female	168.98.240.144
260	Lacey	Pawellek	lpawellek77@lycos.com	Female	196.73.251.119
261	Nananne	Schulze	nschulze78@pagesperso-orange.fr	Female	51.33.26.176
262	Sayre	Blakeslee	sblakeslee79@google.de	Polygender	232.49.166.113
263	Adler	Mordy	amordy7a@a8.net	Male	38.42.57.184
264	Chas	Warbey	cwarbey7b@ehow.com	Genderqueer	54.149.124.166
265	Arley	Alleburton	aalleburton7c@boston.com	Male	228.34.156.219
266	Norine	Macrae	nmacrae7d@globo.com	Female	17.42.68.182
267	Killian	Colleford	kcolleford7e@ycombinator.com	Male	191.225.108.21
268	Nial	Solesbury	nsolesbury7f@guardian.co.uk	Male	213.46.63.208
269	Cody	Tinman	ctinman7g@buzzfeed.com	Female	52.181.70.127
270	Cirilo	End	cend7h@paypal.com	Male	229.13.140.176
271	Laurie	MacNeely	lmacneely7i@globo.com	Male	113.88.175.114
272	Damita	Tivnan	dtivnan7j@comcast.net	Female	8.246.135.89
273	Rycca	Domleo	rdomleo7k@linkedin.com	Female	172.69.220.249
274	Albina	Park	apark7l@stumbleupon.com	Female	236.11.138.96
275	Annalise	Pomfrey	apomfrey7m@de.vu	Genderfluid	106.124.66.16
276	Mitchel	Sapson	msapson7n@cam.ac.uk	Male	152.63.117.108
277	Adelice	Bigglestone	abigglestone7o@canalblog.com	Female	184.44.84.192
278	Wakefield	Mehaffey	wmehaffey7p@bbc.co.uk	Male	186.90.123.165
279	Zonda	Laidler	zlaidler7q@smugmug.com	Agender	233.217.239.24
280	Elissa	McMurdo	emcmurdo7r@europa.eu	Female	17.18.49.177
281	Gustavo	Kelmere	gkelmere7s@sitemeter.com	Male	0.147.118.248
282	Corina	Padley	cpadley7t@ow.ly	Female	224.87.233.74
283	Pincas	Blazy	pblazy7u@bloglovin.com	Genderfluid	145.218.127.196
284	Tomlin	Corstorphine	tcorstorphine7v@topsy.com	Male	244.250.125.102
285	Brietta	Mary	bmary7w@webnode.com	Female	166.82.90.205
286	Uri	Bettlestone	ubettlestone7x@baidu.com	Male	222.216.161.114
287	Clarke	Deval	cdeval7y@example.com	Male	220.225.150.124
288	Flossy	Santo	fsanto7z@homestead.com	Female	168.38.117.94
289	Marlo	Commins	mcommins80@xinhuanet.com	Female	119.58.118.138
290	Junina	O'Dyvoy	jodyvoy81@netvibes.com	Female	166.70.175.156
291	Willow	Bettenay	wbettenay82@artisteer.com	Female	135.88.193.17
292	Niko	Ranyard	nranyard83@digg.com	Male	8.169.67.96
293	Nicol	Hayley	nhayley84@i2i.jp	Female	65.164.100.215
294	Veronica	Ghidelli	vghidelli85@princeton.edu	Female	65.24.203.208
295	Thornton	Gagg	tgagg86@ask.com	Male	71.27.5.159
296	Kermit	McNeely	kmcneely87@businessweek.com	Male	111.10.62.144
297	Leyla	MacAlester	lmacalester88@webeden.co.uk	Female	170.19.167.237
298	Vinny	Molyneux	vmolyneux89@blogs.com	Male	195.183.193.13
299	Horten	Eason	heason8a@squarespace.com	Bigender	149.107.147.249
300	Vachel	Websdale	vwebsdale8b@tinyurl.com	Male	156.174.33.12
301	Martin	Sertin	msertin8c@ihg.com	Male	143.95.251.9
302	Umberto	Dennistoun	udennistoun8d@desdev.cn	Male	89.138.107.43
303	Rickert	Maddison	rmaddison8e@wired.com	Male	174.138.112.112
304	Michaeline	Peto	mpeto8f@arstechnica.com	Female	43.61.1.123
305	Terri	Ormond	tormond8g@skyrock.com	Male	56.0.147.86
306	Jessalyn	Budnik	jbudnik8h@google.pl	Female	85.69.64.133
307	Roman	Challener	rchallener8i@washington.edu	Male	80.196.252.216
308	Fanny	Furmston	ffurmston8j@upenn.edu	Female	20.67.208.198
309	Nicole	Gatland	ngatland8k@cbc.ca	Female	219.1.60.46
310	Hort	Stammer	hstammer8l@zdnet.com	Male	29.225.236.88
311	Jasmine	Pallister	jpallister8m@mozilla.org	Female	24.228.49.97
312	Elana	Bruhn	ebruhn8n@skype.com	Female	165.52.81.242
313	Coralie	Begbie	cbegbie8o@blogspot.com	Female	117.137.221.180
314	Alica	Dairton	adairton8p@zdnet.com	Female	188.82.97.79
315	Fabiano	Covelle	fcovelle8q@soup.io	Male	94.76.248.156
316	Hube	Jodlkowski	hjodlkowski8r@businesswire.com	Male	86.57.211.2
317	Otha	Maskall	omaskall8s@youtube.com	Non-binary	138.203.89.85
318	Cullin	McPhillimey	cmcphillimey8t@devhub.com	Male	155.243.128.219
319	Ruddy	Osmond	rosmond8u@home.pl	Male	119.99.139.155
320	Zachariah	Lohoar	zlohoar8v@cam.ac.uk	Male	7.205.127.121
321	Beilul	Lared	blared8w@squidoo.com	Female	201.140.129.241
322	Keriann	Taysbil	ktaysbil8x@latimes.com	Female	136.131.93.226
323	Ken	Amsberger	kamsberger8y@mapquest.com	Male	68.52.156.212
324	Zaria	Wenham	zwenham8z@arizona.edu	Female	129.16.236.238
325	Sheppard	Dutt	sdutt90@businesswire.com	Male	22.0.61.234
326	Flori	Leehane	fleehane91@weebly.com	Female	197.7.244.168
327	Ingaberg	Stanbra	istanbra92@narod.ru	Female	248.144.150.103
328	Bev	Murrie	bmurrie93@smh.com.au	Male	103.34.122.108
329	Niki	Nyles	nnyles94@cdc.gov	Non-binary	30.30.58.90
330	Ailyn	Giddons	agiddons95@wikipedia.org	Female	105.198.98.44
331	Correna	Karslake	ckarslake96@amazonaws.com	Female	160.95.184.232
332	Alford	Stains	astains97@imageshack.us	Male	179.82.59.167
333	Willis	Thurston	wthurston98@narod.ru	Male	4.41.118.140
334	Quintana	Wrathmell	qwrathmell99@posterous.com	Female	117.121.165.235
335	Edwina	Manderson	emanderson9a@abc.net.au	Female	241.214.49.23
336	Eustace	Lovatt	elovatt9b@adobe.com	Polygender	40.180.25.194
337	Kelley	Lange	klange9c@indiatimes.com	Male	137.238.244.138
338	Chaim	Coneley	cconeley9d@hhs.gov	Male	150.176.73.134
339	Edee	Kuhnert	ekuhnert9e@sohu.com	Female	151.203.24.89
340	Rafaellle	Moulsdale	rmoulsdale9f@slashdot.org	Male	216.49.12.250
341	Onfre	Bauchop	obauchop9g@thetimes.co.uk	Male	166.225.124.233
342	Wally	Quested	wquested9h@exblog.jp	Male	225.182.196.84
343	Coretta	Bruckman	cbruckman9i@reuters.com	Female	54.0.37.11
344	Woody	Mattingley	wmattingley9j@wikia.com	Male	80.172.7.172
345	Ruddy	Hundey	rhundey9k@ucoz.com	Male	90.152.121.78
346	Fanechka	Keeping	fkeeping9l@miitbeian.gov.cn	Female	35.159.182.121
347	Alisa	Dudding	adudding9m@fema.gov	Female	223.40.149.50
348	Rodie	Crandon	rcrandon9n@goo.ne.jp	Female	118.67.64.196
349	Kellina	Compford	kcompford9o@chronoengine.com	Female	71.220.172.97
350	Kelcie	Nairy	knairy9p@elpais.com	Female	255.133.73.50
351	Kit	Flook	kflook9q@senate.gov	Female	178.41.122.240
352	Tansy	Blakeley	tblakeley9r@360.cn	Female	186.38.143.108
353	Eula	Formie	eformie9s@google.com.au	Female	201.217.71.33
354	Leilah	Booth	lbooth9t@issuu.com	Female	38.96.139.208
355	Sheree	Burkwood	sburkwood9u@tmall.com	Female	109.202.80.238
356	Venita	Killerby	vkillerby9v@t-online.de	Female	13.96.120.126
357	Thatcher	Tilliards	ttilliards9w@nationalgeographic.com	Male	44.194.216.243
358	Gaelan	Totman	gtotman9x@tinyurl.com	Polygender	15.110.189.2
359	Marji	Paunton	mpaunton9y@alibaba.com	Female	47.201.96.174
360	Florrie	Tuson	ftuson9z@ted.com	Female	206.192.94.233
361	Jamil	Benam	jbenama0@posterous.com	Male	144.203.119.64
362	Gretel	Reditt	greditta1@bloomberg.com	Female	222.57.68.39
363	Noelyn	Mahony	nmahonya2@stumbleupon.com	Female	25.158.183.27
364	Dalila	Walewicz	dwalewicza3@icio.us	Female	228.29.166.240
365	Ardys	Lapere	alaperea4@mayoclinic.com	Female	167.154.195.213
366	Alic	Delooze	adeloozea5@joomla.org	Male	172.183.209.94
367	Igor	Cardow	icardowa6@engadget.com	Genderqueer	237.30.69.224
368	Claudie	Chidwick	cchidwicka7@livejournal.com	Female	193.90.147.25
369	Marcello	Merigot	mmerigota8@engadget.com	Agender	247.5.84.129
370	Elise	Yurkevich	eyurkevicha9@techcrunch.com	Female	169.202.73.82
371	Xena	Ferrers	xferrersaa@bloomberg.com	Female	162.128.248.215
372	Cloe	Brunner	cbrunnerab@blogs.com	Female	241.81.176.3
373	Marigold	Hughman	mhughmanac@eepurl.com	Female	168.178.81.22
374	Jarret	Bonnaire	jbonnairead@mtv.com	Non-binary	236.108.154.142
375	Arlie	Wenderoth	awenderothae@eventbrite.com	Female	125.116.222.98
376	Angel	Willes	awillesaf@yahoo.co.jp	Male	56.235.71.246
377	Theodosia	Ianetti	tianettiag@indiatimes.com	Female	227.200.31.118
378	Noll	Elsegood	nelsegoodah@plala.or.jp	Male	160.34.47.178
379	Tucky	Stoving	tstovingai@sciencedaily.com	Polygender	114.41.156.128
380	Leonie	Fursey	lfurseyaj@eepurl.com	Female	144.47.166.72
381	Gasparo	McMichell	gmcmichellak@indiatimes.com	Male	80.177.212.180
382	Roxana	Hammond	rhammondal@eepurl.com	Agender	160.105.235.178
383	Emanuel	Cruft	ecruftam@free.fr	Male	137.162.123.226
384	Raviv	McCooke	rmccookean@comcast.net	Male	195.198.77.60
385	Urbanus	Cooke	ucookeao@wordpress.org	Male	13.77.36.127
386	Marabel	Windous	mwindousap@nature.com	Female	239.108.54.113
387	Nananne	Layson	nlaysonaq@deliciousdays.com	Female	63.14.190.118
388	Shayne	Boulden	sbouldenar@seattletimes.com	Male	214.59.242.133
389	Stacia	Kinny	skinnyas@usatoday.com	Female	90.100.221.75
390	Bennie	Boosey	bbooseyat@simplemachines.org	Male	215.12.198.142
391	Putnem	McGruar	pmcgruarau@artisteer.com	Male	181.176.44.1
392	Gustav	Fierro	gfierroav@facebook.com	Male	153.210.213.26
393	Lorin	Mariolle	lmariolleaw@qq.com	Male	182.231.216.204
394	Caitlin	Alvin	calvinax@un.org	Female	170.191.88.159
395	Ennis	Torrans	etorransay@bbb.org	Male	59.11.174.227
396	Caye	Tynewell	ctynewellaz@illinois.edu	Female	151.4.83.159
397	Alix	Belly	abellyb0@harvard.edu	Female	233.4.6.46
398	Kaia	Crittal	kcrittalb1@fda.gov	Polygender	53.38.64.178
399	Ivonne	Benns	ibennsb2@infoseek.co.jp	Female	51.20.220.5
400	Georgie	Bernadzki	gbernadzkib3@omniture.com	Female	194.16.48.56
401	Haleigh	Grioli	hgriolib4@google.it	Genderqueer	25.170.88.36
402	Mike	Martensen	mmartensenb5@odnoklassniki.ru	Male	82.77.239.204
403	Maryanne	Hitzke	mhitzkeb6@hp.com	Female	57.255.77.129
404	Lindon	Baudone	lbaudoneb7@bloglines.com	Male	194.240.110.29
405	Gearalt	Casassa	gcasassab8@biglobe.ne.jp	Male	77.183.128.87
406	Elysee	Whitfeld	ewhitfeldb9@icio.us	Female	145.92.105.233
407	Dani	McCaghan	dmccaghanba@samsung.com	Female	86.205.9.184
408	Sissy	Picford	spicfordbb@techcrunch.com	Female	151.21.88.61
409	Nicoli	Boddis	nboddisbc@fda.gov	Female	174.213.32.168
410	Sofia	Frome	sfromebd@va.gov	Female	239.237.193.14
411	Town	Patry	tpatrybe@cbslocal.com	Male	95.134.133.226
412	Aline	Doodney	adoodneybf@soup.io	Female	219.169.156.1
413	Elly	Sheard	esheardbg@illinois.edu	Female	156.116.47.249
414	Maxy	Petrello	mpetrellobh@upenn.edu	Male	166.157.28.141
415	Valentine	Sidnell	vsidnellbi@mapquest.com	Male	122.65.245.91
416	Drona	Penhaligon	dpenhaligonbj@miibeian.gov.cn	Agender	162.50.176.103
417	Sibyl	Dring	sdringbk@washingtonpost.com	Genderfluid	46.95.200.91
418	Bronson	Lantuff	blantuffbl@baidu.com	Genderfluid	81.167.80.70
419	Jasper	Skermer	jskermerbm@prnewswire.com	Male	206.114.220.113
420	Olly	Roark	oroarkbn@github.com	Male	60.151.106.182
421	Bond	Pamment	bpammentbo@berkeley.edu	Male	168.18.242.138
422	Roshelle	Rysdale	rrysdalebp@wordpress.org	Female	4.139.191.140
423	Delcina	Devanny	ddevannybq@microsoft.com	Female	169.54.221.175
424	Vitia	Harrowell	vharrowellbr@sciencedaily.com	Female	144.50.90.240
425	Aeriela	MacTrustey	amactrusteybs@arstechnica.com	Female	8.51.43.115
426	Law	Menear	lmenearbt@weather.com	Male	190.160.240.123
427	Danielle	Widdowes	dwiddowesbu@yale.edu	Female	109.125.163.147
428	Gerick	Codeman	gcodemanbv@artisteer.com	Polygender	117.223.50.239
429	Hi	Trowbridge	htrowbridgebw@europa.eu	Male	164.152.101.97
430	Bard	Braunstein	bbraunsteinbx@icq.com	Male	120.65.181.134
431	Roby	Sharple	rsharpleby@nhs.uk	Female	216.183.175.15
432	Gallagher	Coddrington	gcoddringtonbz@photobucket.com	Agender	77.133.37.203
433	Alasdair	Keast	akeastc0@naver.com	Male	183.117.71.67
434	Fabe	Magovern	fmagovernc1@eepurl.com	Male	218.94.147.43
435	Merissa	Barde	mbardec2@princeton.edu	Female	120.141.155.147
436	John	Naptin	jnaptinc3@dropbox.com	Male	226.195.16.231
437	Marjy	MacGeffen	mmacgeffenc4@wisc.edu	Female	65.150.34.27
438	Cassius	Stonelake	cstonelakec5@goodreads.com	Male	168.171.10.141
439	Bondy	Ibbeson	bibbesonc6@comcast.net	Male	88.193.10.141
440	Mort	Randle	mrandlec7@blogtalkradio.com	Male	254.50.105.21
441	Nannette	McConnachie	nmcconnachiec8@tuttocitta.it	Female	67.167.80.4
442	Rory	Sooper	rsooperc9@nature.com	Agender	242.108.180.163
443	Poul	Cleverley	pcleverleyca@dagondesign.com	Male	241.99.206.132
444	Ringo	Cann	rcanncb@hc360.com	Non-binary	171.80.85.163
445	Hartley	Geockle	hgeocklecc@ihg.com	Male	129.0.190.249
446	Siana	Waters	swaterscd@zimbio.com	Female	201.153.84.39
447	Arel	Alders	aaldersce@java.com	Male	248.39.24.164
448	Irvine	Charrier	icharriercf@yahoo.co.jp	Male	255.112.234.253
449	Denney	Bruty	dbrutycg@free.fr	Male	8.17.13.216
450	Brian	Attride	battridech@tuttocitta.it	Bigender	229.137.83.98
451	Margaretta	Mattingley	mmattingleyci@youtu.be	Female	47.1.68.220
452	Bar	Fogarty	bfogartycj@tripadvisor.com	Male	27.251.13.155
453	Paddy	Catchpole	pcatchpoleck@de.vu	Male	88.11.142.75
454	Karalee	Axcel	kaxcelcl@imageshack.us	Female	77.238.241.149
455	Midge	Tookill	mtookillcm@prweb.com	Female	108.159.23.65
456	Aurelie	Fealey	afealeycn@flavors.me	Female	186.12.129.154
457	Ernie	Koppelmann	ekoppelmannco@shinystat.com	Male	112.153.191.58
458	Barney	Bedow	bbedowcp@tinypic.com	Male	52.27.54.70
459	Sterling	Mathivat	smathivatcq@prweb.com	Male	240.5.206.186
460	Renault	Binks	rbinkscr@vistaprint.com	Male	31.72.213.102
461	Maryann	Dashwood	mdashwoodcs@utexas.edu	Female	237.2.12.20
462	Almire	MacCrosson	amaccrossonct@zdnet.com	Female	143.213.208.36
463	Stinky	Storrar	sstorrarcu@economist.com	Male	5.8.185.232
464	Geno	Sayse	gsaysecv@prnewswire.com	Genderqueer	227.187.107.252
465	Nicol	Storrah	nstorrahcw@deviantart.com	Female	216.252.15.96
466	Lianna	Shurlock	lshurlockcx@theatlantic.com	Female	253.88.102.215
467	Brendis	Rosborough	brosboroughcy@nsw.gov.au	Male	45.218.250.132
468	Gerrie	Brastead	gbrasteadcz@dailymail.co.uk	Female	248.175.111.217
469	Cherye	Oakden	coakdend0@unc.edu	Female	255.144.21.155
470	Herschel	Medeway	hmedewayd1@ucla.edu	Male	18.12.116.55
471	Reed	Karys	rkarysd2@seesaa.net	Male	101.105.53.25
472	Massimiliano	Morbey	mmorbeyd3@ustream.tv	Male	142.19.241.167
473	Pauline	Mullane	pmullaned4@shinystat.com	Female	149.159.33.209
474	Masha	Purse	mpursed5@surveymonkey.com	Agender	40.61.17.121
475	Sidoney	Henrys	shenrysd6@unesco.org	Female	126.176.57.178
476	Malanie	Haggidon	mhaggidond7@comsenz.com	Female	100.27.133.70
477	Marna	Darwin	mdarwind8@smh.com.au	Female	193.202.222.30
478	Peyter	Gillaspy	pgillaspyd9@census.gov	Male	96.201.145.164
479	Titos	Claiden	tclaidenda@4shared.com	Male	104.58.93.130
480	Worden	Walliker	wwallikerdb@w3.org	Male	42.113.54.227
481	Benton	Hendrik	bhendrikdc@msn.com	Male	17.99.82.117
482	Hillard	Sive	hsivedd@twitpic.com	Male	228.246.184.86
483	Ross	deKnevet	rdeknevetde@hhs.gov	Male	248.225.78.207
484	Yorke	Foley	yfoleydf@vkontakte.ru	Male	146.217.254.135
485	Branden	Spence	bspencedg@sakura.ne.jp	Male	134.230.187.135
486	Mada	Stent	mstentdh@wordpress.org	Female	135.150.0.124
487	Georgianna	Caldeiro	gcaldeirodi@wordpress.org	Female	14.244.109.182
488	Gwenni	McGrae	gmcgraedj@bigcartel.com	Genderqueer	155.242.141.127
489	Junia	Bestall	jbestalldk@usnews.com	Agender	225.41.137.56
490	Claire	Cappleman	ccapplemandl@symantec.com	Polygender	27.4.250.121
491	Giorgio	Gennerich	ggennerichdm@pbs.org	Male	109.135.166.120
492	Viva	Oldland	voldlanddn@bloglines.com	Female	166.5.124.232
493	Kimbra	Sans	ksansdo@liveinternet.ru	Female	115.62.135.38
494	Windham	Jasper	wjasperdp@netvibes.com	Polygender	201.43.219.158
495	Madelin	Basini-Gazzi	mbasinigazzidq@mozilla.org	Female	53.56.81.25
496	Worthy	Mocker	wmockerdr@ow.ly	Polygender	56.215.102.101
497	Axel	Jauncey	ajaunceyds@bizjournals.com	Male	89.122.150.93
498	Judie	Barrs	jbarrsdt@statcounter.com	Female	87.246.223.169
499	Louisa	Oke	lokedu@hubpages.com	Female	115.209.248.22
500	Miles	Delos	mdelosdv@i2i.jp	Male	4.71.125.20
501	Dag	Shinton	dshintondw@artisteer.com	Male	126.233.158.170
502	Marcela	Sleet	msleetdx@typepad.com	Female	221.124.59.45
503	Brockie	Dunbavin	bdunbavindy@oaic.gov.au	Male	192.118.59.125
504	Riccardo	Gasker	rgaskerdz@businesswire.com	Male	83.162.119.80
505	Tish	Delap	tdelape0@blogger.com	Female	59.237.207.111
506	Seka	Linscott	slinscotte1@ft.com	Female	50.198.149.183
507	Ibbie	Coop	icoope2@sciencedirect.com	Female	137.53.77.196
508	Xymenes	Doyle	xdoylee3@shutterfly.com	Male	50.228.165.59
509	Nikki	Studders	nstudderse4@com.com	Male	8.175.105.224
510	Lloyd	Late	llatee5@china.com.cn	Male	11.201.3.142
511	Samantha	Swindlehurst	sswindlehurste6@buzzfeed.com	Female	51.87.173.237
512	Ellissa	Cumine	ecuminee7@wufoo.com	Female	171.175.211.232
513	Kingston	Leonard	kleonarde8@about.me	Male	16.228.198.52
514	Freeman	Reignould	freignoulde9@archive.org	Male	119.205.251.4
515	Cody	Cosley	ccosleyea@seesaa.net	Male	239.150.131.44
516	Bartie	Strafen	bstrafeneb@360.cn	Male	228.193.90.94
517	Melita	Landrick	mlandrickec@ning.com	Female	189.56.203.29
518	Grayce	Sargison	gsargisoned@columbia.edu	Female	152.148.6.68
519	Hermine	Oliveti	holivetiee@amazonaws.com	Female	155.0.3.179
520	Gerick	Parlor	gparloref@census.gov	Male	207.145.255.115
521	Willabella	Falkner	wfalknereg@scientificamerican.com	Female	90.193.80.77
522	Cleo	Allitt	callitteh@bluehost.com	Female	74.194.74.164
523	Clair	Dami	cdamiei@mapy.cz	Female	72.222.60.158
524	Carrie	Orr	correj@jimdo.com	Polygender	22.235.100.74
525	Manny	Duncanson	mduncansonek@cnbc.com	Male	181.95.236.37
526	Lavinie	des Remedios	ldesremediosel@redcross.org	Female	149.202.55.4
527	Gustie	Gooderham	ggooderhamem@google.it	Female	140.136.194.115
528	Abelard	Klass	aklassen@etsy.com	Male	185.4.98.87
529	Mackenzie	Schleicher	mschleichereo@dailymotion.com	Male	42.104.202.22
530	Thalia	Weatherley	tweatherleyep@yahoo.com	Female	93.111.210.123
531	Patric	Wilkison	pwilkisoneq@xinhuanet.com	Male	147.84.2.185
532	Rosmunda	Fasset	rfasseter@oracle.com	Female	159.172.70.142
533	Luz	Pottery	lpotteryes@latimes.com	Female	12.134.10.168
534	Leighton	Matuszkiewicz	lmatuszkiewiczet@redcross.org	Male	72.15.216.147
535	Benedicto	MacShirrie	bmacshirrieeu@ted.com	Male	84.243.104.165
536	Tilly	Mollene	tmolleneev@nature.com	Female	94.98.236.224
537	Con	Camoys	ccamoysew@behance.net	Female	152.4.228.188
538	Harold	Hearmon	hhearmonex@tamu.edu	Male	253.81.82.240
539	Elfreda	Rawnsley	erawnsleyey@upenn.edu	Female	201.198.178.246
540	Cathie	O' Mullane	comullaneez@newyorker.com	Female	112.154.95.173
541	Karoline	Imesen	kimesenf0@amazonaws.com	Female	156.118.75.144
542	Giselle	Norkutt	gnorkuttf1@wikipedia.org	Female	178.254.42.153
543	Stu	Vaggs	svaggsf2@drupal.org	Male	60.108.140.79
544	Salomone	Gligorijevic	sgligorijevicf3@stumbleupon.com	Male	28.76.248.79
545	Zena	Worwood	zworwoodf4@un.org	Female	192.130.140.6
546	Cassandra	Layson	claysonf5@foxnews.com	Genderfluid	29.174.25.200
547	Gerrard	Sellen	gsellenf6@oakley.com	Male	184.42.44.48
548	Kai	Rollo	krollof7@geocities.com	Genderfluid	44.150.65.111
549	Marena	Hitcham	mhitchamf8@google.ca	Female	86.3.60.53
550	Ilsa	Goodsell	igoodsellf9@netscape.com	Agender	116.12.51.135
551	Kinnie	Dreelan	kdreelanfa@cafepress.com	Male	122.87.56.242
552	Irita	Pioch	ipiochfb@desdev.cn	Female	120.61.198.194
553	Marcia	Nore	mnorefc@ow.ly	Female	57.223.202.66
554	Shermie	Grimmert	sgrimmertfd@uiuc.edu	Polygender	168.204.23.26
555	Wynne	Tabbitt	wtabbittfe@uiuc.edu	Female	132.159.95.88
556	Bonnibelle	Haime	bhaimeff@ucoz.ru	Female	206.235.26.133
557	Ogdan	Pimerick	opimerickfg@xinhuanet.com	Male	56.98.139.170
558	Lavinie	Ilyasov	lilyasovfh@icq.com	Female	30.205.166.191
559	Alard	Kitchen	akitchenfi@addtoany.com	Male	158.33.198.202
560	Lucille	Carney	lcarneyfj@t.co	Female	53.152.53.148
561	Gamaliel	Berrick	gberrickfk@tripod.com	Male	68.187.211.111
562	Trudi	Ryle	trylefl@photobucket.com	Female	105.51.199.238
563	Joellyn	Songer	jsongerfm@ox.ac.uk	Female	113.5.200.58
564	Forrester	Kinglesyd	fkinglesydfn@ucsd.edu	Male	16.88.161.28
565	Lenci	Cheatle	lcheatlefo@tinypic.com	Male	136.151.158.189
566	Felipe	Sheehan	fsheehanfp@netscape.com	Male	252.201.212.132
567	Juanita	Parcell	jparcellfq@meetup.com	Female	17.158.246.7
568	Eleonore	Fanthom	efanthomfr@dedecms.com	Female	189.37.25.52
569	Kimbra	Robeiro	krobeirofs@skyrock.com	Genderqueer	244.230.168.182
570	Emerson	Sentance	esentanceft@jugem.jp	Male	210.13.91.227
571	Tedman	Audiss	taudissfu@360.cn	Male	217.45.144.108
572	Lowell	Medcalfe	lmedcalfefv@digg.com	Male	97.87.65.135
573	Burg	Feye	bfeyefw@artisteer.com	Male	42.192.10.229
574	Morly	Greenhill	mgreenhillfx@163.com	Male	239.90.10.40
575	Dwayne	Bartolomeo	dbartolomeofy@shutterfly.com	Non-binary	47.145.181.40
576	Shirleen	Scrowson	sscrowsonfz@purevolume.com	Female	224.185.239.221
577	Winne	Winsor	wwinsorg0@uiuc.edu	Non-binary	97.92.24.26
578	Lloyd	Stoop	lstoopg1@live.com	Male	123.52.32.228
579	Enrique	Tommis	etommisg2@seesaa.net	Male	214.211.31.63
580	Filberto	Rounds	froundsg3@youku.com	Male	166.74.18.228
581	Nissie	Darkins	ndarkinsg4@webmd.com	Female	155.169.217.89
582	Issy	Salsbury	isalsburyg5@angelfire.com	Female	84.138.157.224
583	Donnamarie	Goggins	dgogginsg6@dailymotion.com	Female	254.21.209.196
584	Erv	Peplow	epeplowg7@ustream.tv	Male	74.87.138.93
585	Ahmad	Lumley	alumleyg8@topsy.com	Male	201.244.188.245
586	Newton	Enric	nenricg9@cornell.edu	Male	54.72.6.10
587	Mimi	Lebreton	mlebretonga@squarespace.com	Female	21.240.155.153
588	Nannette	O'Connor	noconnorgb@nationalgeographic.com	Female	128.232.178.131
589	Bernelle	Bonome	bbonomegc@cnet.com	Female	57.1.89.98
590	Janna	Sargent	jsargentgd@barnesandnoble.com	Female	206.228.222.121
591	Cordi	Scarsbrooke	cscarsbrookege@sogou.com	Female	200.188.56.184
592	Sibyl	Kinforth	skinforthgf@hud.gov	Male	140.120.247.100
593	Cristine	Whopples	cwhopplesgg@hhs.gov	Female	154.162.174.96
594	Mora	McCaw	mmccawgh@illinois.edu	Female	227.141.115.246
595	Gaston	Cussins	gcussinsgi@oakley.com	Male	225.84.110.79
596	Edik	De la Yglesia	edelayglesiagj@wsj.com	Male	167.113.180.51
597	Cairistiona	Gatlin	cgatlingk@sogou.com	Female	48.144.15.97
598	Joye	Meek	jmeekgl@home.pl	Female	140.175.83.52
599	Dora	Robbeke	drobbekegm@netscape.com	Female	206.115.151.83
600	Laurie	Killough	lkilloughgn@japanpost.jp	Female	54.86.205.16
601	Meghann	Tuhy	mtuhygo@pbs.org	Female	165.57.124.229
602	Eward	O' Timony	eotimonygp@tripod.com	Male	205.36.12.195
603	Bentlee	Stammirs	bstammirsgq@wikimedia.org	Male	56.63.40.143
604	Ervin	Bedow	ebedowgr@facebook.com	Male	223.215.142.86
605	Jania	Goodey	jgoodeygs@reddit.com	Female	200.178.145.183
606	Serge	Parsons	sparsonsgt@utexas.edu	Male	244.30.4.178
607	Cindee	Riccardelli	criccardelligu@xinhuanet.com	Female	193.53.70.249
608	Keith	Alesio	kalesiogv@ebay.com	Male	230.144.198.188
609	Tynan	Skittrell	tskittrellgw@latimes.com	Male	241.96.220.85
610	Anette	Brouard	abrouardgx@google.de	Genderfluid	123.124.58.1
611	Caro	Radnage	cradnagegy@comcast.net	Female	232.213.121.69
612	Shaine	O'Rafferty	soraffertygz@indiegogo.com	Male	205.215.102.185
613	Francene	Pryn	fprynh0@icio.us	Female	94.254.233.234
614	Bealle	Papworth	bpapworthh1@techcrunch.com	Male	54.59.152.46
615	Gertruda	Myrie	gmyrieh2@spotify.com	Female	121.169.134.217
616	Flory	Stangoe	fstangoeh3@wikia.com	Male	95.188.149.40
617	Georgette	Isakovic	gisakovich4@yandex.ru	Female	103.14.219.235
618	Munroe	Kivits	mkivitsh5@yolasite.com	Male	129.140.22.118
619	Rice	King	rkingh6@ning.com	Male	209.69.137.177
620	Cassy	Millery	cmilleryh7@zimbio.com	Female	216.11.204.176
621	Coraline	Hastings	chastingsh8@goodreads.com	Female	145.55.132.241
622	Jarrod	Bould	jbouldh9@wsj.com	Male	131.139.70.218
623	Jay	Shivell	jshivellha@salon.com	Male	61.62.150.178
624	John	Doumer	jdoumerhb@t.co	Non-binary	163.254.70.111
625	Derek	Peachment	dpeachmenthc@e-recht24.de	Genderfluid	133.44.177.2
626	Teirtza	Robshaw	trobshawhd@soundcloud.com	Female	180.192.18.226
627	Adi	Galbraeth	agalbraethhe@flickr.com	Female	238.146.137.159
628	Constantino	Alberts	calbertshf@ning.com	Male	35.8.187.30
629	Gunilla	Bebbell	gbebbellhg@360.cn	Female	183.248.218.86
630	Dosi	Chellam	dchellamhh@phoca.cz	Female	100.152.79.118
631	Denise	Riolfo	driolfohi@istockphoto.com	Female	17.202.64.19
632	Belicia	Urrey	burreyhj@pbs.org	Female	94.67.4.200
633	Bobby	Lanfare	blanfarehk@ca.gov	Male	221.110.252.81
634	Justino	Milvarnie	jmilvarniehl@constantcontact.com	Male	193.223.76.135
635	Gwennie	Haggie	ghaggiehm@ask.com	Genderfluid	183.130.121.134
636	Sherlocke	Marland	smarlandhn@washington.edu	Male	71.153.225.9
637	Madel	Hedde	mheddeho@auda.org.au	Female	195.227.231.49
638	Dominica	Matt	dmatthp@ifeng.com	Female	80.214.44.133
639	Timi	Clulow	tclulowhq@yale.edu	Female	137.237.71.244
640	Catha	Sainte Paul	csaintepaulhr@csmonitor.com	Female	106.109.75.225
641	Tristam	Cleve	tclevehs@example.com	Male	47.78.138.77
642	Drucill	Donaho	ddonahoht@acquirethisname.com	Female	193.96.106.120
643	Frederigo	Reicherz	freicherzhu@multiply.com	Agender	164.223.74.63
644	Jack	Gutierrez	jgutierrezhv@indiegogo.com	Male	34.163.23.208
645	Beilul	Siccombe	bsiccombehw@so-net.ne.jp	Female	75.162.201.132
646	Jocko	Senton	jsentonhx@fotki.com	Male	46.58.250.246
647	Kara-lynn	Rodd	kroddhy@va.gov	Female	199.116.111.192
648	Hildy	Burrells	hburrellshz@msn.com	Female	24.240.144.166
649	Gawain	Spalton	gspaltoni0@example.com	Male	89.2.249.228
650	Orella	Rogan	orogani1@google.ru	Polygender	57.238.216.209
651	Carmen	Leemans	cleemansi2@facebook.com	Female	235.29.124.159
652	Price	Beevis	pbeevisi3@example.com	Male	248.63.21.37
653	Alexis	Mackleden	amackledeni4@clickbank.net	Male	5.192.97.104
654	Ade	Perin	aperini5@army.mil	Male	106.87.167.123
655	Sharron	Glitherow	sglitherowi6@homestead.com	Female	101.6.252.149
656	Jamal	Sinnat	jsinnati7@statcounter.com	Male	139.129.27.196
657	Addie	Duguid	aduguidi8@sohu.com	Male	34.220.204.77
658	Dante	Cosgrove	dcosgrovei9@dropbox.com	Male	177.188.104.101
659	Teodorico	Puleque	tpulequeia@cnet.com	Male	136.97.91.71
660	Virgie	Saben	vsabenib@booking.com	Male	209.33.145.72
661	Sara	Camp	scampic@myspace.com	Genderqueer	136.47.151.183
662	Karlyn	Bleacher	kbleacherid@businessweek.com	Female	77.45.129.187
663	Madel	Pasby	mpasbyie@ebay.com	Bigender	157.164.166.164
664	Trisha	Lockart	tlockartif@ed.gov	Female	161.65.102.145
665	Gray	Allardyce	gallardyceig@wikipedia.org	Female	43.22.211.42
666	Nappie	Ogelbe	nogelbeih@cornell.edu	Male	254.165.18.228
667	Zahara	Cavanaugh	zcavanaughii@privacy.gov.au	Female	237.70.176.57
668	Monroe	Angear	mangearij@feedburner.com	Male	114.238.147.74
669	Tiffy	Dumingos	tdumingosik@php.net	Agender	213.134.132.4
670	Oswald	Yeude	oyeudeil@com.com	Male	248.91.8.76
671	Maighdiln	Spalding	mspaldingim@yandex.ru	Female	57.56.99.190
672	Adiana	Lynagh	alynaghin@studiopress.com	Female	98.252.159.135
673	Evered	Fulle	efulleio@comcast.net	Male	128.218.100.246
674	Rafaelita	Liversage	rliversageip@boston.com	Female	23.31.17.24
675	Xenia	Kildea	xkildeaiq@csmonitor.com	Genderfluid	76.178.82.161
676	Deirdre	Fey	dfeyir@imageshack.us	Female	1.100.203.7
677	Lyndy	Feaster	lfeasteris@studiopress.com	Female	24.67.13.252
678	Claiborne	Taylot	ctaylotit@infoseek.co.jp	Male	122.98.146.32
679	Ricky	Yeeles	ryeelesiu@google.ru	Male	140.92.45.87
680	Shannah	Mordacai	smordacaiiv@tripod.com	Female	24.170.53.122
681	Lesly	Aberhart	laberhartiw@illinois.edu	Female	102.75.236.48
682	Griz	Jermy	gjermyix@amazon.com	Male	126.8.203.82
683	Shandie	McIlhone	smcilhoneiy@reddit.com	Female	53.125.90.4
684	Val	Castree	vcastreeiz@reverbnation.com	Female	172.16.231.154
685	Clarita	Petty	cpettyj0@nhs.uk	Female	68.243.161.97
686	Donnamarie	Barraclough	dbarracloughj1@de.vu	Female	52.255.167.53
687	Edna	Lesaunier	elesaunierj2@ow.ly	Female	230.250.147.1
688	Sutton	Oseman	sosemanj3@telegraph.co.uk	Male	4.214.125.149
689	Karlan	Badini	kbadinij4@rambler.ru	Male	97.91.103.213
690	Kermit	Krolman	kkrolmanj5@hubpages.com	Male	215.249.24.20
691	Trish	Conklin	tconklinj6@skyrock.com	Female	106.137.41.187
692	Aleda	Holborn	aholbornj7@loc.gov	Female	140.158.53.45
693	Saidee	Basili	sbasilij8@squarespace.com	Genderfluid	23.100.195.202
694	Brana	Maurice	bmauricej9@diigo.com	Female	133.103.117.45
695	Tina	Walesby	twalesbyja@army.mil	Female	245.250.183.36
696	Louie	Popeley	lpopeleyjb@usa.gov	Bigender	23.187.49.214
697	Rollie	Sambiedge	rsambiedgejc@dagondesign.com	Male	158.152.123.253
698	Daryl	Wigmore	dwigmorejd@sfgate.com	Male	188.244.162.184
699	Jody	Symmers	jsymmersje@weibo.com	Female	210.9.151.123
700	Perice	Greader	pgreaderjf@nationalgeographic.com	Male	234.245.129.66
701	Leroy	Vanichkov	lvanichkovjg@lulu.com	Male	245.7.51.122
702	Raviv	Pinchen	rpinchenjh@wiley.com	Male	172.15.56.228
703	Shaughn	Grouer	sgrouerji@rediff.com	Male	226.19.66.73
704	Lon	Doggett	ldoggettjj@imageshack.us	Male	164.140.204.121
705	Tadd	Daughton	tdaughtonjk@sphinn.com	Bigender	96.43.206.184
706	Pippa	Slot	pslotjl@uol.com.br	Female	25.71.109.175
707	Aaron	Snailham	asnailhamjm@slate.com	Genderfluid	57.245.146.45
708	Winfred	Chase	wchasejn@mediafire.com	Male	36.218.78.1
709	Ryon	Dennert	rdennertjo@seesaa.net	Male	49.102.122.130
710	Rafaela	Lammin	rlamminjp@lulu.com	Female	186.115.210.52
711	Shae	Godspeede	sgodspeedejq@europa.eu	Male	161.84.137.241
712	Elihu	Fisbburne	efisbburnejr@freewebs.com	Male	233.70.255.60
713	Tobin	Vondrys	tvondrysjs@studiopress.com	Male	128.84.144.23
714	Guthry	Glencrosche	gglencroschejt@yahoo.com	Male	165.126.29.189
715	Marion	O'Sheeryne	mosheeryneju@xrea.com	Female	193.46.191.98
716	Maurene	Gilbride	mgilbridejv@squidoo.com	Female	141.67.131.204
717	Gabbie	Risebrow	grisebrowjw@springer.com	Male	88.95.238.254
718	Ingram	Rolf	irolfjx@google.it	Male	108.44.230.133
719	Yettie	Malatalant	ymalatalantjy@si.edu	Female	112.90.149.117
720	Koo	Verny	kvernyjz@delicious.com	Female	159.5.194.21
721	Gertruda	Kondratenya	gkondratenyak0@unc.edu	Female	52.79.189.227
722	Ignacius	Paice	ipaicek1@ed.gov	Male	160.202.17.221
723	Myrah	Blacker	mblackerk2@is.gd	Female	12.146.117.60
724	Morry	Ghelardi	mghelardik3@google.ca	Male	31.254.24.232
725	Samantha	Beggan	sbeggank4@reference.com	Female	201.145.82.96
726	Vikky	Eason	veasonk5@feedburner.com	Female	2.148.6.211
727	Victor	Rubenczyk	vrubenczykk6@businessweek.com	Male	180.229.50.122
728	Nickolas	Leneham	nlenehamk7@craigslist.org	Male	167.112.151.244
729	Margarette	Frain	mfraink8@odnoklassniki.ru	Female	163.207.120.184
730	Zena	Harteley	zharteleyk9@phpbb.com	Female	63.115.77.176
731	Lin	Ubsdell	lubsdellka@tiny.cc	Male	102.17.22.229
732	Marleen	Frickey	mfrickeykb@ebay.co.uk	Female	139.254.170.178
733	Geneva	Berget	gbergetkc@virginia.edu	Female	147.237.161.44
734	Gwendolen	Yosevitz	gyosevitzkd@guardian.co.uk	Agender	223.27.133.194
735	Essa	Beyne	ebeyneke@gnu.org	Female	157.251.197.5
736	Valma	Skudder	vskudderkf@trellian.com	Female	6.190.148.184
737	Nye	Fullstone	nfullstonekg@virginia.edu	Male	53.47.192.27
738	Ambrosius	Mynett	amynettkh@latimes.com	Male	242.59.180.26
739	Britt	Iscowitz	biscowitzki@businessinsider.com	Female	1.59.126.90
740	Jarrid	Demonge	jdemongekj@google.it	Male	37.178.16.46
741	Reinwald	Cordeau	rcordeaukk@disqus.com	Male	227.198.163.69
742	Bennett	McCart	bmccartkl@pen.io	Male	152.128.129.239
743	Elfrieda	Tweddle	etweddlekm@sciencedaily.com	Female	232.46.253.247
744	Korella	Verty	kvertykn@tuttocitta.it	Female	70.200.68.57
745	Adlai	Djurdjevic	adjurdjevicko@nsw.gov.au	Male	93.145.211.121
746	Tann	Ironmonger	tironmongerkp@uol.com.br	Male	152.130.230.65
747	Brooke	Medgwick	bmedgwickkq@yellowpages.com	Female	152.25.176.55
748	Timothee	Audiss	taudisskr@miibeian.gov.cn	Male	153.218.57.47
749	Silvia	Jakubovicz	sjakuboviczks@com.com	Female	143.83.217.221
750	Cy	Vass	cvasskt@hugedomains.com	Male	161.236.246.170
751	Ginelle	Durnian	gdurnianku@sciencedirect.com	Female	22.232.63.152
752	Wayne	Dome	wdomekv@vinaora.com	Male	200.158.74.167
753	Cordy	Pellissier	cpellissierkw@storify.com	Male	245.173.80.187
754	Geneva	Jurasek	gjurasekkx@icq.com	Female	106.120.174.53
755	Ethelind	Dahle	edahleky@yale.edu	Female	131.208.227.237
756	Jonis	Halewood	jhalewoodkz@behance.net	Female	198.140.120.146
757	Timofei	Morrott	tmorrottl0@whitehouse.gov	Male	119.68.121.102
758	Glenn	Firmager	gfirmagerl1@cpanel.net	Female	10.137.198.133
759	Laraine	Organ	lorganl2@myspace.com	Female	108.126.74.50
760	Joly	Bartel	jbartell3@mtv.com	Female	152.54.241.109
761	Doyle	Grass	dgrassl4@senate.gov	Male	42.63.189.77
762	Phyllys	Eye	peyel5@wp.com	Female	238.189.213.80
763	Mechelle	Tobin	mtobinl6@seattletimes.com	Female	216.106.227.186
764	Melisent	Upton	muptonl7@samsung.com	Female	231.130.104.49
765	Tadio	Vaszoly	tvaszolyl8@umich.edu	Male	52.67.120.33
766	Fabian	Gudahy	fgudahyl9@ow.ly	Male	211.200.99.147
767	Ralph	Arend	rarendla@geocities.com	Male	200.113.56.124
768	Elle	Runcieman	erunciemanlb@blogger.com	Genderqueer	39.99.64.45
769	Hi	Nicholas	hnicholaslc@wsj.com	Male	198.133.158.250
770	Em	Jessup	ejessupld@blogspot.com	Female	247.167.234.17
771	Gabbie	Minchin	gminchinle@sciencedirect.com	Female	204.61.243.218
772	Christie	Thorby	cthorbylf@qq.com	Male	108.174.22.183
773	Lazaro	Cana	lcanalg@google.fr	Male	214.177.185.230
774	Kathy	Juris	kjurislh@deviantart.com	Female	57.231.34.92
775	Krispin	Suddock	ksuddockli@nih.gov	Male	243.234.135.147
776	Janka	Troth	jtrothlj@google.pl	Female	151.144.21.67
777	Lombard	Alliston	lallistonlk@goo.gl	Male	84.93.230.30
778	Isidoro	Pessel	ipesselll@wp.com	Male	240.187.45.102
779	Alexandro	Kempstone	akempstonelm@e-recht24.de	Male	158.151.2.77
780	Beckie	Trueman	btruemanln@360.cn	Genderqueer	77.162.49.184
781	Kristos	Milby	kmilbylo@oracle.com	Male	103.33.9.160
782	Sheppard	Heeks	sheekslp@purevolume.com	Male	129.193.98.131
783	Rolando	Sponder	rsponderlq@yelp.com	Male	130.169.43.206
784	Olenka	Medlicott	omedlicottlr@ca.gov	Female	69.33.101.131
785	Wendel	Ruppel	wruppells@admin.ch	Male	160.168.92.243
786	Aguste	Kyrkeman	akyrkemanlt@skype.com	Male	91.210.57.134
787	Mace	Physick	mphysicklu@go.com	Male	34.120.247.32
788	Euell	Rubertis	erubertislv@chicagotribune.com	Male	48.144.1.159
789	Neel	Dorn	ndornlw@bravesites.com	Male	63.98.11.73
790	Sully	Ragat	sragatlx@1688.com	Male	176.103.54.135
791	Silvan	Erbe	serbely@imdb.com	Polygender	81.25.175.169
792	Anna-diana	Adamolli	aadamollilz@pen.io	Female	54.216.196.57
793	Janey	Antusch	jantuschm0@apple.com	Female	195.242.181.139
794	Jo	Durnall	jdurnallm1@tinyurl.com	Female	135.78.107.165
795	Nicol	Westfield	nwestfieldm2@sciencedaily.com	Genderqueer	118.190.206.204
796	Thaddus	Tuxell	ttuxellm3@exblog.jp	Male	142.167.204.39
797	Alleyn	Cully	acullym4@gov.uk	Male	156.74.240.240
798	Davy	Shobbrook	dshobbrookm5@vinaora.com	Male	65.156.143.187
799	Verene	Yeatman	vyeatmanm6@netlog.com	Female	191.109.239.253
800	Kendra	Stiegar	kstiegarm7@fda.gov	Female	105.201.30.225
801	Fredra	Udell	fudellm8@psu.edu	Polygender	81.204.117.68
802	Eldon	Bruckmann	ebruckmannm9@godaddy.com	Male	4.21.21.198
803	Gustavo	Kembrey	gkembreyma@linkedin.com	Male	232.68.30.173
804	Zackariah	Petzolt	zpetzoltmb@kickstarter.com	Male	194.165.111.31
805	Hy	Caveau	hcaveaumc@weather.com	Male	226.17.74.1
806	Randy	Vallance	rvallancemd@japanpost.jp	Polygender	107.241.207.102
807	Marius	Pert	mpertme@intel.com	Male	117.229.60.17
808	Nevsa	Kirman	nkirmanmf@nature.com	Female	83.104.119.236
809	Rayshell	Scrigmour	rscrigmourmg@army.mil	Female	187.129.178.198
810	Harcourt	Capstick	hcapstickmh@skyrock.com	Male	189.210.251.37
811	Milicent	Essery	messerymi@elpais.com	Female	115.218.169.230
812	Thacher	Honacker	thonackermj@usda.gov	Male	93.204.170.73
813	Roma	Tremathack	rtremathackmk@paginegialle.it	Male	114.235.239.3
814	Cynthia	McQuade	cmcquademl@domainmarket.com	Female	190.133.204.43
815	Zorah	Hovell	zhovellmm@tumblr.com	Female	148.35.169.215
816	Sibilla	Pedican	spedicanmn@spotify.com	Agender	176.112.70.23
817	Kathy	Khotler	kkhotlermo@state.tx.us	Female	208.60.181.171
818	Carola	Fearnsides	cfearnsidesmp@irs.gov	Female	62.42.67.118
819	Mikel	Stedman	mstedmanmq@csmonitor.com	Male	99.200.193.4
820	Gabriele	Cundy	gcundymr@gmpg.org	Male	209.216.207.222
821	Krisha	Jimson	kjimsonms@geocities.com	Male	142.11.85.198
822	Almira	Gravells	agravellsmt@cbslocal.com	Non-binary	154.5.137.158
823	Batholomew	Trapp	btrappmu@1688.com	Male	234.190.33.113
824	Hamil	Blakesley	hblakesleymv@wiley.com	Male	43.19.61.144
825	Marchelle	Meiklam	mmeiklammw@photobucket.com	Female	4.186.255.209
826	Sidoney	Gadsby	sgadsbymx@weather.com	Female	100.35.198.149
827	Ripley	Cadogan	rcadoganmy@bloomberg.com	Male	203.27.215.202
828	Lusa	Rippen	lrippenmz@stanford.edu	Female	89.246.141.43
829	Billye	Penvarden	bpenvardenn0@artisteer.com	Female	93.230.42.159
830	Lonee	Zarb	lzarbn1@godaddy.com	Female	216.2.52.84
831	Ringo	Stoddart	rstoddartn2@mtv.com	Male	223.24.29.115
832	Zita	Grubey	zgrubeyn3@soup.io	Female	5.47.183.173
833	Merell	MacFadzean	mmacfadzeann4@buzzfeed.com	Male	70.255.181.253
834	Stacia	Bernardos	sbernardosn5@barnesandnoble.com	Female	84.14.225.84
835	Gillie	Craythorn	gcraythornn6@wired.com	Female	225.233.57.255
836	Hanny	Mc Carroll	hmccarrolln7@shareasale.com	Female	115.161.128.204
837	Wilfrid	Howie	whowien8@gnu.org	Male	44.39.64.75
838	Sigismund	Ames	samesn9@list-manage.com	Male	190.29.49.179
839	Fraze	Batiste	fbatistena@umich.edu	Male	214.7.34.70
840	Everett	Glaves	eglavesnb@senate.gov	Genderfluid	145.106.144.41
841	Guido	Keasey	gkeaseync@fastcompany.com	Male	132.98.18.97
842	Dur	Judkins	djudkinsnd@newsvine.com	Male	177.173.20.84
843	Genvieve	Lisett	glisettne@nsw.gov.au	Female	96.1.43.70
844	Sallee	Udy	sudynf@stumbleupon.com	Female	123.154.34.238
845	Inglebert	Baudrey	ibaudreyng@addthis.com	Male	46.162.225.90
846	Lulu	Normadell	lnormadellnh@oaic.gov.au	Female	111.211.116.34
847	Riane	Simner	rsimnerni@webmd.com	Female	222.106.148.119
848	Annette	Twinn	atwinnnj@ocn.ne.jp	Female	54.52.41.121
849	Loraine	Fetter	lfetternk@hubpages.com	Female	214.251.218.214
850	Elli	Tunaclift	etunacliftnl@fema.gov	Non-binary	63.11.72.161
851	Amii	Lacey	alaceynm@zimbio.com	Female	147.244.244.166
852	Glennie	Fay	gfaynn@bbb.org	Female	248.9.84.102
853	Dinnie	Fealy	dfealyno@columbia.edu	Female	131.56.213.135
854	Hailey	Moorton	hmoortonnp@dailymail.co.uk	Male	147.214.230.36
855	Tonnie	Lyosik	tlyosiknq@vistaprint.com	Male	168.121.61.196
856	Patricia	Froschauer	pfroschauernr@arizona.edu	Female	168.63.183.27
857	Vi	Carnell	vcarnellns@ow.ly	Female	70.243.17.56
858	Belicia	Olivie	bolivient@wunderground.com	Female	92.89.83.61
859	Georg	Vasyushkhin	gvasyushkhinnu@netlog.com	Male	95.44.92.105
860	Loren	Deeprose	ldeeprosenv@hexun.com	Male	210.166.221.95
861	Cesar	Knightsbridge	cknightsbridgenw@wikia.com	Male	241.101.79.81
862	Melisse	Gerald	mgeraldnx@google.co.uk	Female	178.244.239.220
863	Ketty	Twort	ktwortny@gmpg.org	Bigender	226.22.88.101
864	Reagen	Churchman	rchurchmannz@woothemes.com	Male	61.58.137.152
865	Alissa	Bradane	abradaneo0@howstuffworks.com	Polygender	33.209.121.0
866	Karalynn	Marchant	kmarchanto1@biglobe.ne.jp	Female	121.126.214.48
867	Mommy	Oret	moreto2@technorati.com	Female	127.86.245.24
868	Holly-anne	Bricknell	hbricknello3@kickstarter.com	Female	111.174.234.238
869	Brigit	Vlasin	bvlasino4@tumblr.com	Female	80.4.213.114
870	Dagny	Mordie	dmordieo5@adobe.com	Male	226.224.170.36
871	Mikaela	Wilfinger	mwilfingero6@narod.ru	Female	61.104.102.101
872	Meghann	Boanas	mboanaso7@netlog.com	Female	189.190.20.155
873	Eldredge	Armistead	earmisteado8@gov.uk	Male	69.134.127.181
874	Irene	Whitcher	iwhitchero9@weibo.com	Female	214.78.146.169
875	Violet	Karpfen	vkarpfenoa@tamu.edu	Female	105.243.40.110
876	Suzie	Patemore	spatemoreob@samsung.com	Female	94.206.203.200
877	Josh	Fludgate	jfludgateoc@plala.or.jp	Male	245.255.119.97
878	Latia	Downey	ldowneyod@biblegateway.com	Female	232.208.6.179
879	Candide	Bontine	cbontineoe@t.co	Female	69.100.154.166
880	Ibrahim	Zanetti	izanettiof@etsy.com	Male	102.30.201.37
881	Kennan	Beaconsall	kbeaconsallog@ning.com	Male	105.154.163.129
882	Halsey	Euels	heuelsoh@zdnet.com	Male	168.75.62.244
883	Wes	Rosbrough	wrosbroughoi@twitter.com	Male	216.148.71.47
884	Goldina	Twelftree	gtwelftreeoj@who.int	Genderqueer	253.11.95.208
885	Obie	Marchant	omarchantok@gnu.org	Male	97.148.138.63
886	Kyle	Whiteland	kwhitelandol@biblegateway.com	Female	135.220.67.27
887	Maria	Bryan	mbryanom@ucsd.edu	Female	185.226.83.71
888	Karlyn	Bortolussi	kbortolussion@msu.edu	Female	96.69.84.77
889	Corinna	Westmarland	cwestmarlandoo@census.gov	Polygender	123.105.148.212
890	Jonah	Issakov	jissakovop@sogou.com	Male	22.93.233.217
891	Georgeanne	MacCarter	gmaccarteroq@telegraph.co.uk	Female	137.129.147.25
892	Etienne	Kynd	ekyndor@illinois.edu	Genderqueer	84.77.147.212
893	Julienne	Nys	jnysos@imgur.com	Female	169.141.151.17
894	Melicent	Ketteridge	mketteridgeot@purevolume.com	Female	77.77.158.85
895	Felice	Rosiello	frosielloou@seesaa.net	Female	239.108.88.204
896	Annnora	Margerison	amargerisonov@mozilla.com	Non-binary	190.62.142.241
897	Padriac	Scone	psconeow@sakura.ne.jp	Male	209.73.242.144
898	Mal	Pidgeon	mpidgeonox@cnn.com	Male	19.106.241.83
899	Galina	Ales	galesoy@studiopress.com	Female	4.147.131.17
900	Martie	Templar	mtemplaroz@salon.com	Male	166.167.153.71
901	Pinchas	Jauncey	pjaunceyp0@wired.com	Male	175.209.239.33
902	Roseanne	MacPhee	rmacpheep1@etsy.com	Female	223.59.19.252
903	Harli	Vallentin	hvallentinp2@hud.gov	Genderqueer	121.148.60.157
904	Xylia	Tink	xtinkp3@histats.com	Female	247.26.160.65
905	Bret	Lesser	blesserp4@tuttocitta.it	Male	98.171.37.121
906	Janis	Sulley	jsulleyp5@nhs.uk	Female	163.34.50.241
907	Roddy	Webling	rweblingp6@netlog.com	Male	147.153.25.157
908	Trent	Bowmaker	tbowmakerp7@gravatar.com	Male	9.23.129.139
909	Guillermo	Traice	gtraicep8@ftc.gov	Male	132.54.252.187
910	Yancey	Older	yolderp9@a8.net	Male	144.161.148.177
911	Ulrika	Geeve	ugeevepa@mac.com	Female	245.113.253.93
912	Granny	Sainer	gsainerpb@state.tx.us	Male	168.249.178.25
913	Reggie	Sinkings	rsinkingspc@ezinearticles.com	Male	139.34.118.44
914	Christina	McQuode	cmcquodepd@comsenz.com	Female	121.64.182.168
915	Christopher	Hulstrom	chulstrompe@opera.com	Male	135.73.57.74
916	Goldi	Zannotti	gzannottipf@webeden.co.uk	Female	129.86.214.140
917	Sella	Sauven	ssauvenpg@alexa.com	Female	24.96.32.105
918	Nerita	Rowaszkiewicz	nrowaszkiewiczph@edublogs.org	Female	0.246.204.115
919	Demetria	Lycett	dlycettpi@pen.io	Female	180.212.22.171
920	Garold	Barkaway	gbarkawaypj@jiathis.com	Male	128.54.120.138
921	Dorene	Brookzie	dbrookziepk@pagesperso-orange.fr	Female	3.65.95.235
922	Mahmud	Zottoli	mzottolipl@acquirethisname.com	Male	209.188.207.15
923	Gallagher	Yablsley	gyablsleypm@hao123.com	Male	66.183.38.192
924	Riordan	Santoro	rsantoropn@webmd.com	Male	62.149.252.187
925	Othello	Kinnett	okinnettpo@slashdot.org	Male	12.174.9.178
926	Allegra	Banck	abanckpp@wired.com	Female	7.252.250.11
927	Vernen	Shenley	vshenleypq@uiuc.edu	Male	114.32.170.91
928	Martina	McRonald	mmcronaldpr@deliciousdays.com	Agender	79.34.38.17
929	Melisse	Myers	mmyersps@ebay.com	Female	104.249.110.0
930	Ellsworth	Haslehurst	ehaslehurstpt@ask.com	Male	175.100.178.102
931	Fernanda	Edmondson	fedmondsonpu@cloudflare.com	Female	140.19.58.8
932	Aguistin	Grigolon	agrigolonpv@adobe.com	Male	149.6.51.52
933	Freda	Eveleigh	feveleighpw@skype.com	Female	172.231.161.185
934	Gay	Espinet	gespinetpx@free.fr	Female	51.65.177.27
935	Warren	Westcott	wwestcottpy@stumbleupon.com	Male	91.192.168.30
936	Rip	Cuerdall	rcuerdallpz@forbes.com	Male	16.197.137.90
937	Cookie	Beevers	cbeeversq0@mapy.cz	Female	7.216.2.27
938	Una	Begley	ubegleyq1@skype.com	Female	14.7.239.140
939	Lulu	Reschke	lreschkeq2@baidu.com	Female	78.53.127.88
940	Agna	Sherman	ashermanq3@vkontakte.ru	Female	92.26.42.3
941	Bengt	Bohey	bboheyq4@csmonitor.com	Male	117.18.197.161
942	Broderic	De Courtney	bdecourtneyq5@intel.com	Male	211.56.49.49
943	Kamilah	Caulkett	kcaulkettq6@amazon.co.uk	Female	35.24.245.76
944	Jourdain	Gookey	jgookeyq7@about.me	Male	219.240.19.68
945	Saunders	Wartonby	swartonbyq8@businesswire.com	Male	25.246.49.133
946	Joya	Bebis	jbebisq9@xrea.com	Female	94.211.15.185
947	Tull	Witherup	twitherupqa@mapy.cz	Male	14.217.122.7
948	Rosemary	Manns	rmannsqb@yellowpages.com	Female	137.164.67.124
949	Abdul	Chadburn	achadburnqc@homestead.com	Male	212.132.11.176
950	Ange	McInnery	amcinneryqd@merriam-webster.com	Female	3.128.169.233
951	Brandtr	Mealing	bmealingqe@hhs.gov	Male	186.204.10.176
952	Gaelan	Challes	gchallesqf@a8.net	Male	1.46.209.117
953	Yule	Shevell	yshevellqg@japanpost.jp	Male	13.178.142.3
954	Samaria	Aldrich	saldrichqh@chronoengine.com	Female	14.164.142.123
955	Pamelina	Udy	pudyqi@bbb.org	Female	224.165.85.68
956	Frederico	Jephcote	fjephcoteqj@nbcnews.com	Male	135.16.73.26
957	Pennie	Uglow	puglowqk@intel.com	Male	152.209.135.192
958	Clerkclaude	Flea	cfleaql@wufoo.com	Male	230.13.21.154
959	Elise	Rebanks	erebanksqm@indiegogo.com	Female	114.50.217.113
960	Ives	Woofendell	iwoofendellqn@arstechnica.com	Male	220.33.16.165
961	Monro	Ramet	mrametqo@usda.gov	Male	18.37.71.148
962	Elise	Pinkstone	epinkstoneqp@sciencedirect.com	Female	224.26.250.73
963	Dukey	Tailby	dtailbyqq@themeforest.net	Male	93.255.105.179
964	Joey	Crannis	jcrannisqr@bing.com	Female	229.158.189.54
965	Dwayne	Chalice	dchaliceqs@etsy.com	Male	39.48.17.60
966	Berenice	Kenzie	bkenzieqt@live.com	Female	43.106.118.59
967	Taite	Grog	tgrogqu@google.pl	Male	57.213.17.117
968	Iseabal	Allcock	iallcockqv@cnbc.com	Female	164.34.73.83
969	Kingsley	Nurny	knurnyqw@freewebs.com	Male	207.65.85.64
970	Antoinette	Mattin	amattinqx@house.gov	Female	51.31.92.255
971	Georgeta	Hollingsby	ghollingsbyqy@phoca.cz	Female	97.176.81.111
972	Gaspar	Culpan	gculpanqz@microsoft.com	Male	255.224.248.60
973	Jud	Korfmann	jkorfmannr0@google.com.au	Male	9.99.107.106
974	Sydney	Wardrop	swardropr1@latimes.com	Female	161.31.187.219
975	Beitris	Perillo	bperillor2@g.co	Agender	207.90.33.129
976	Vivianna	Reah	vreahr3@github.io	Female	149.91.26.210
977	Tabbitha	Matthias	tmatthiasr4@mit.edu	Female	243.222.68.84
978	Gill	Ogborne	gogborner5@so-net.ne.jp	Male	248.25.233.85
979	Mirabella	Deinert	mdeinertr6@friendfeed.com	Female	53.98.24.184
980	Benny	Branigan	bbraniganr7@army.mil	Male	3.11.93.243
981	Guglielmo	Dominichetti	gdominichettir8@people.com.cn	Male	105.173.19.127
982	Madelle	Pepler	mpeplerr9@mlb.com	Female	94.121.145.184
983	Karna	Beresfore	kberesforera@bandcamp.com	Female	34.195.234.88
984	Alicea	Matisse	amatisserb@hexun.com	Non-binary	134.93.254.245
985	Morris	Taw	mtawrc@tuttocitta.it	Male	82.192.107.195
986	Mickie	Honacker	mhonackerrd@washingtonpost.com	Male	113.183.66.6
987	Amandy	Roofe	aroofere@hao123.com	Genderfluid	19.238.209.223
988	Butch	O'Concannon	boconcannonrf@behance.net	Male	79.15.202.3
989	Coral	Hastewell	chastewellrg@google.es	Female	161.204.189.57
990	Vito	Gallemore	vgallemorerh@vimeo.com	Male	59.222.0.146
991	Zora	Pook	zpookri@issuu.com	Female	125.119.170.89
992	Pierson	Baggalley	pbaggalleyrj@163.com	Male	20.47.123.66
993	Herold	Peeke	hpeekerk@java.com	Male	42.224.239.235
994	Aggi	Albany	aalbanyrl@slideshare.net	Female	240.86.242.204
995	Bobbee	Claeskens	bclaeskensrm@nsw.gov.au	Female	174.113.226.170
996	Tadd	Greenard	tgreenardrn@cpanel.net	Male	44.126.178.40
997	Chalmers	Peggs	cpeggsro@biglobe.ne.jp	Male	52.194.199.174
998	Iorgos	Oxbrow	ioxbrowrp@exblog.jp	Male	104.96.95.56
999	Mayor	Grimsdith	mgrimsdithrq@hugedomains.com	Male	210.120.205.170
1000	Cornall	Lillicrap	clillicraprr@ning.com	Male	19.173.183.198
